{"options":{"check_for_updates":true,"comment":null,"compatopts_for_requires":true,"compat_wrappedjsobject":false,"compat_metadata":false,"compat_foreach":false,"compat_prototypes":false,"noframes":null,"run_at":null,"override":{"use_includes":[],"orig_includes":["https://github.com/*"],"merge_includes":true,"use_matches":[],"orig_matches":[],"merge_matches":true,"use_excludes":[],"orig_excludes":[],"merge_excludes":true,"use_connects":[],"merge_connects":true,"use_blockers":[],"orig_run_at":"document-idle","orig_noframes":null,"orig_connects":["github.com","githubusercontent.com"]}},"settings":{"enabled":true,"position":18},"meta":{"name":"GitHub Image Preview","uuid":"f156607b-5502-476d-b2f3-607c39cce13b","modified":1618854373856,"file_url":"https://raw.githubusercontent.com/Mottie/GitHub-userscripts/master/github-image-preview.user.js"}}