{"data":{"$config":"o{\"uid\":\"xkongk4zwjmllpufuxjleydbt0njur1y\",\"app_id\":\"778750\",\"share_log_list\":{\"lanzous#b07lfbczc\":{\"share_id\":\"b07lfbczc\",\"share_pwd\":\"0\",\"share_link\":\"https://www.lanzous.com/b07lfbczc\",\"share_source\":\"lanzous\",\"share_time\":1609382199072},\"lanzous#b07lmen6j\":{\"share_id\":\"b07lmen6j\",\"share_pwd\":\"0\",\"share_link\":\"https://runningcheese.lanzoux.com/b07lmen6j\",\"share_source\":\"lanzous\",\"share_time\":1612244858562},\"lanzous#b01nqc7yj\":{\"share_id\":\"b01nqc7yj\",\"share_pwd\":\"0\",\"share_link\":\"https://wwx.lanzoux.com/b01nqc7yj\",\"share_source\":\"lanzous\",\"share_time\":1609567781530},\"lanzous#b0ufrtlc\":{\"share_id\":\"b0ufrtlc\",\"share_pwd\":\"0\",\"share_link\":\"https://www.lanzous.com/b0ufrtlc\",\"share_source\":\"lanzous\",\"share_time\":1612426141589},\"lanzous#b0ufru1i\":{\"share_id\":\"b0ufru1i\",\"share_pwd\":\"0\",\"share_link\":\"https://runningcheese.lanzoux.com/b0ufru1i\",\"share_source\":\"lanzous\",\"share_time\":1609740034283},\"lanzous#b0ug2rrc\":{\"share_id\":\"b0ug2rrc\",\"share_pwd\":\"0\",\"share_link\":\"https://lanzous.com/b0ug2rrc\",\"share_source\":\"lanzous\",\"share_time\":1609651928250},\"lanzous#u/runningcheese\":{\"share_id\":\"u/runningcheese\",\"share_pwd\":\"0\",\"share_link\":\"https://runningcheese.lanzoux.com/u/runningcheese\",\"share_source\":\"lanzous\",\"share_time\":1609672235085},\"lanzous#b07m6k4mh\":{\"share_id\":\"b07m6k4mh\",\"share_pwd\":\"0\",\"share_link\":\"https://runningcheese.lanzoux.com/b07m6k4mh\",\"share_source\":\"lanzous\",\"share_time\":1609740000600},\"lanzous#b07lee7ih\":{\"share_id\":\"b07lee7ih\",\"share_pwd\":\"0\",\"share_link\":\"https://runningcheese.lanzoux.com/b07lee7ih\",\"share_source\":\"lanzous\",\"share_time\":1609740091237},\"baidu#F1EtDnkCF3N0aMLcVa7bfw\":{\"share_id\":\"F1EtDnkCF3N0aMLcVa7bfw\",\"share_pwd\":\"24e0\",\"share_link\":\"https://pan.baidu.com/share/init?surl=F1EtDnkCF3N0aMLcVa7bfw\",\"share_source\":\"baidu\",\"share_time\":1610192636286},\"baidu#aj-wC46ixwQwtDgWkFoZ-A\":{\"share_id\":\"aj-wC46ixwQwtDgWkFoZ-A\",\"share_pwd\":\"l3y1\",\"share_link\":\"https://pan.baidu.com/share/init?surl=aj-wC46ixwQwtDgWkFoZ-A\",\"share_source\":\"baidu\",\"share_time\":1610192834546},\"baidu#B8CN4A202YZRIW4gPP0YOg\":{\"share_id\":\"B8CN4A202YZRIW4gPP0YOg\",\"share_pwd\":\"6gjd\",\"share_link\":\"https://pan.baidu.com/share/init?surl=B8CN4A202YZRIW4gPP0YOg\",\"share_source\":\"baidu\",\"share_time\":1610452565716},\"lanzous#b851998\":{\"share_id\":\"b851998\",\"share_pwd\":\"0\",\"share_link\":\"https://www.lanzous.com/b851998\",\"share_source\":\"lanzous\",\"share_time\":1611200662385},\"baidu#StnTCgCgOful535PMU_ioQ\":{\"share_id\":\"StnTCgCgOful535PMU_ioQ\",\"share_pwd\":\"0000\",\"share_link\":\"https://pan.baidu.com/share/init?surl=StnTCgCgOful535PMU_ioQ\",\"share_source\":\"baidu\",\"share_time\":1612354823293},\"lanzous#b851982\":{\"share_id\":\"b851982\",\"share_pwd\":\"0\",\"share_link\":\"https://www.lanzous.com/b851982\",\"share_source\":\"lanzous\",\"share_time\":1613481558578},\"lanzous#b07m1v9ja\":{\"share_id\":\"b07m1v9ja\",\"share_pwd\":\"agt0\",\"share_link\":\"https://runningcheese.lanzoux.com/b07m1v9ja\",\"share_source\":\"lanzous\",\"share_time\":1613614943103}}}","$storage":"o{\"version_date\":\"20210218\",\"version_payload\":{\"version\":\"0.4.7\"},\"version_latest\":\"0.4.7\"}"},"ts":1614508090985}