{"options":{"check_for_updates":true,"comment":null,"compatopts_for_requires":true,"compat_wrappedjsobject":false,"compat_metadata":false,"compat_foreach":false,"compat_prototypes":false,"noframes":null,"run_at":null,"override":{"use_includes":[],"orig_includes":[],"merge_includes":true,"use_matches":[],"orig_matches":["*://weibo.com/*","*://*.weibo.com/*","*://*.weibo.cn/*","*://tieba.baidu.com/*","*://*.bilibili.com/","*://*.bilibili.com/*","*://*.douban.com/group/*","*://douban.com/group/*"],"merge_matches":true,"use_excludes":[],"orig_excludes":[],"merge_excludes":true,"use_connects":[],"merge_connects":true,"use_blockers":[],"orig_run_at":"document-idle","orig_noframes":null,"orig_connects":[]}},"settings":{"enabled":true,"position":24},"meta":{"name":"能不能好好说话？","uuid":"db712f28-34da-43a4-aa23-59c0b004af88","modified":1618854373873}}