{"options":{"check_for_updates":true,"comment":null,"compatopts_for_requires":true,"compat_wrappedjsobject":false,"compat_metadata":false,"compat_foreach":false,"compat_prototypes":false,"noframes":null,"run_at":null,"override":{"use_includes":[],"orig_includes":["*://www.bilibili.com/video/av*","*://www.bilibili.com/video/BV*","*://www.bilibili.com/bangumi/play/ep*","*://www.bilibili.com/bangumi/play/ss*","*://m.bilibili.com/bangumi/play/ep*","*://m.bilibili.com/bangumi/play/ss*","*://bangumi.bilibili.com/anime/*","*://bangumi.bilibili.com/movie/*","*://www.bilibili.com/bangumi/media/md*","*://www.bilibili.com/blackboard/html5player.html*","*://www.bilibili.com/watchroom/*","https://www.mcbbs.net/template/mcbbs/image/special_photo_bg.png*"],"merge_includes":true,"use_matches":[],"orig_matches":[],"merge_matches":true,"use_excludes":[],"orig_excludes":[],"merge_excludes":true,"use_connects":[],"merge_connects":true,"use_blockers":[],"orig_run_at":"document-start","orig_noframes":null,"orig_connects":[]}},"settings":{"enabled":true,"position":29},"meta":{"name":"解除B站区域限制","uuid":"76d4fd72-ea79-4383-9710-8adc37bada82","modified":1618854373878}}