{"options":{"check_for_updates":true,"comment":null,"compatopts_for_requires":true,"compat_wrappedjsobject":false,"compat_metadata":false,"compat_foreach":false,"compat_prototypes":false,"noframes":null,"run_at":null,"override":{"use_includes":[],"orig_includes":[],"merge_includes":true,"use_matches":[],"orig_matches":["*://search.51job.com/*","*://sou.zhaopin.com/*","*://www.zhipin.com/*","*://www.lagou.com/*","*://www.liepin.com/*","*://*.58.com/*","*://zhaopin.baidu.com/quanzhi*"],"merge_matches":true,"use_excludes":[],"orig_excludes":[],"merge_excludes":true,"use_connects":[],"merge_connects":true,"use_blockers":[],"orig_run_at":"document-idle","orig_noframes":null,"orig_connects":[]}},"settings":{"enabled":false,"position":20},"meta":{"name":"高级求职助手/招聘网站助手，支持前程无忧、智联招聘、BOSS直聘、拉钩网、猎聘网、百度百聘、58同城","uuid":"888d3a07-f9b1-4ec3-8763-6c4e0b237379","modified":1618854373858}}